d,sampling,method,N_values,mean_abs_error_over_N
3,direct,mc_standard,"500,1000,2000,5000",0.19345277216928958
3,direct,mc_symmetrized,"500,1000,2000,5000",0.20020307777806878
3,rejection,mc_standard,"500,1000,2000,5000",0.21913738679294115
3,rejection,mc_symmetrized,"500,1000,2000,5000",0.20499987430823974
