method,d,sampling,N,n_evals,mean_est,std_est,reference_value,reference_type,abs_error,relative_error
mc_standard,3,rejection,500,500,6.428949415006511,0.1686798164229426,6.628895321777745,deterministic spherical grid (m=80) for d=3,0.1999459067712337,0.0301627793267992
mc_symmetrized,3,rejection,500,4000,6.397892603592827,0.047660222106158424,6.628895321777745,deterministic spherical grid (m=80) for d=3,0.2310027181849179,0.034847845224831114
mc_standard,3,rejection,1000,1000,6.435092686458118,0.10853465658694308,6.628895321777745,deterministic spherical grid (m=80) for d=3,0.19380263531962694,0.02923603796894061
mc_symmetrized,3,rejection,1000,8000,6.43381771484014,0.02428144924056581,6.628895321777745,deterministic spherical grid (m=80) for d=3,0.19507760693760456,0.029428373426975223
mc_standard,3,rejection,2000,2000,6.422402772697843,0.047272640576852216,6.628895321777745,deterministic spherical grid (m=80) for d=3,0.20649254907990144,0.031150371073369737
mc_symmetrized,3,rejection,2000,16000,6.427473862216287,0.02806893889946087,6.628895321777745,deterministic spherical grid (m=80) for d=3,0.20142145956145807,0.030385373396941896
mc_standard,3,rejection,5000,5000,6.419355880570889,0.05973466927363797,6.628895321777745,deterministic spherical grid (m=80) for d=3,0.2095394412068563,0.031610009064174174
mc_symmetrized,3,rejection,5000,40000,6.42074067449432,0.010995810822933433,6.628895321777745,deterministic spherical grid (m=80) for d=3,0.2081546472834246,0.03140110639544711
